{
  "$schema": "https://rtt/spec/v1",
  "symbol": {
    "saddr": "rtt://core/api/metrics@1.0.0",
    "type": "api",
    "direction": "provider",
    "capabilities": [
      "pull",
      "stream"
    ],
    "inputs": [
      {
        "name": "query",
        "schema": "json://metrics.query"
      }
    ],
    "outputs": [
      {
        "name": "series",
        "schema": "json://metrics.series"
      }
    ],
    "qos": {
      "latency_budget_ms": 2,
      "throughput_qps": 5000
    },
    "version_set": ">=1.0 <2.0",
    "auth": {
      "mode": "none",
      "scopes": []
    },
    "tags": {
      "lang": "rust",
      "component": "core"
    }
  }
}